"year","demo.locals1","demo.locals2","demo.locals3","demo.tours1","demo.tours2","demo.tours3","num_locals","num_tours","knowtrans","tours_local","tours_tours","local_local","local_misd","dem1toursK_Mean","dem1localK_Mean","dem2toursK_Mean","dem2localK_Mean","dem3toursK_Mean","dem3localK_Mean","dem1toursK_SE","dem1localK_SE","dem2toursK_SE","dem2localK_SE","dem3toursK_SE","dem3localK_SE"
"1","0.5","0.25","0.25","0.5","0.25","0.25","100","50","0.1","0","0.1","0","0",0.106753933438907,0.500119100300249,0.108111588940133,0.500908100458587,0.114164424447075,0.499579427221559,0.00185855777774956,0.00133260446271895,0.00245191249831066,0.00194984715553885,0.00245905835720804,0.00210268426096925
"1","0.5","0.25","0.25","0.5","0.25","0.25","100","50","0.1","0.1","0.1","0","0",0.109744872457194,0.499084140857995,0.107710596372818,0.499606569135799,0.10864986086531,0.498356198412922,0.0016389675828383,0.00133759772699835,0.00224063579080517,0.00183350538976511,0.00229882165081242,0.00201629951888144
"1","0.5","0.25","0.25","0.5","0.25","0.25","100","50","0.1","0.2","0.1","0","0",0.109478426633346,0.500610725150912,0.109481176719188,0.496726527059041,0.108665211695879,0.499002224053728,0.00176913493746031,0.00140094935138314,0.00267992315507773,0.00218444507175866,0.00238837688223725,0.00221630579630402
"1","0.5","0.25","0.25","0.5","0.25","0.25","100","50","0.1","0.3","0.1","0","0",0.107481352304599,0.498447706457291,0.111737627799356,0.501710104432723,0.111318222356746,0.501682258871613,0.00186864825298734,0.00158283871797025,0.00269461085795511,0.00210440191768196,0.00263439020305023,0.00183647007616554
"1","0.5","0.25","0.25","0.5","0.25","0.25","100","50","0.1","0.4","0.1","0","0",0.109252401912649,0.498352751559052,0.107341180648344,0.499553034411317,0.106636959928872,0.503167589249924,0.00181021783266771,0.0015526577817428,0.00247798618839052,0.00229369674892378,0.00235108960791676,0.00224943890530429
"1","0.5","0.25","0.25","0.5","0.25","0.25","100","50","0.1","0.5","0.1","0","0",0.109838767408883,0.499049777537625,0.112865210705786,0.49953084499528,0.110217879611381,0.499900397367256,0.0017030439171338,0.00140265068044597,0.00262199289562469,0.00213846202053062,0.00254997162956432,0.00230041076606601
"1","0.5","0.25","0.25","0.5","0.25","0.25","100","50","0.1","0.6","0.1","0","0",0.107262367234092,0.498863195208597,0.106667762604423,0.49632775738152,0.107939469051807,0.502646075057901,0.00176208200546315,0.00129324648840188,0.00262859885845671,0.0021754858768336,0.00262539606792484,0.00182403513703387
"1","0.5","0.25","0.25","0.5","0.25","0.25","100","50","0.1","0.7","0.1","0","0",0.107380018838694,0.499046308567416,0.110971921491822,0.496001914681895,0.108379364029517,0.497906270842701,0.00176180812811225,0.00141887120006866,0.00256890449276791,0.0021521990612619,0.00247572228005686,0.00184787214078637
"1","0.5","0.25","0.25","0.5","0.25","0.25","100","50","0.1","0.8","0.1","0","0",0.110903185467464,0.499778108866642,0.107656801699975,0.499573301746335,0.103253197702227,0.502199432353218,0.00163666856552296,0.00155627191837109,0.00282750931632675,0.00198936909058374,0.00227578338721248,0.0019578360940798
"1","0.5","0.25","0.25","0.5","0.25","0.25","100","50","0.1","0.9","0.1","0","0",0.106367101417715,0.497941586163488,0.111433884719662,0.49944695655152,0.107393555474561,0.499479840177755,0.00166199892896805,0.00139264354530214,0.00267882341656623,0.00208272652322896,0.00253436195552208,0.00225809287993824
"1","0.5","0.25","0.25","0.5","0.25","0.25","100","50","0.1","1","0.1","0","0",0.108600716652203,0.498829035030915,0.107265658430064,0.495591059723662,0.111458933437456,0.498994200926156,0.00190252478139618,0.00144927397639211,0.00228877461338154,0.0022950895945419,0.00254699432093002,0.00188729288941134
"10","0.5","0.25","0.25","0.5","0.25","0.25","100","50","0.1","0","0.1","0","0",0.973333185473807,0.973998645382846,0.534686602100631,0.943302941254077,0.520109153713328,0.940410667215883,0.00148812022826926,0.0010469549227685,0.00825205665623286,0.0019790572266611,0.00883575022534341,0.00229943647766917
"10","0.5","0.25","0.25","0.5","0.25","0.25","100","50","0.1","0.1","0.1","0","0",0.97679174793492,0.974926049224078,0.565304345051856,0.941282404033935,0.54529963450386,0.94204449145442,0.00130629071048651,0.00100126209767729,0.00885743487854773,0.00250954264122767,0.00959931079993342,0.00235103662629838
"10","0.5","0.25","0.25","0.5","0.25","0.25","100","50","0.1","0.2","0.1","0","0",0.97286165029833,0.975775755814581,0.606298262252905,0.942733608481828,0.565856867356766,0.941125528951922,0.00147135499494218,0.00094906486712222,0.00719827338697954,0.00200337539889398,0.00833729865879168,0.00245295390706774
"10","0.5","0.25","0.25","0.5","0.25","0.25","100","50","0.1","0.3","0.1","0","0",0.974948024103711,0.97640540239925,0.647769731049419,0.941464636533393,0.584088128148821,0.941420368861696,0.00156211912907057,0.00091948920313709,0.00903510550228768,0.00235134054275886,0.00827451509361212,0.00224866622705309
"10","0.5","0.25","0.25","0.5","0.25","0.25","100","50","0.1","0.4","0.1","0","0",0.97224363303364,0.973635900959494,0.658480750978319,0.937379567292572,0.60416240410357,0.943304052745508,0.00130118237121154,0.00110748053847332,0.00783559975149868,0.00264026137513253,0.0080271835922632,0.00212299804103741
"10","0.5","0.25","0.25","0.5","0.25","0.25","100","50","0.1","0.5","0.1","0","0",0.973055408013657,0.975525308950986,0.690841929465081,0.934504907967586,0.61784822700388,0.937228435872145,0.00167530201177107,0.00120280563044404,0.00727887516410349,0.00263671842887446,0.00894254261580263,0.00225474376231403
"10","0.5","0.25","0.25","0.5","0.25","0.25","100","50","0.1","0.6","0.1","0","0",0.977081425878761,0.975931470979406,0.715691200115714,0.937162209784956,0.63323065348148,0.939883018089557,0.00131309974422149,0.000917944899447921,0.00630239122337554,0.00211121304855967,0.00736523487612136,0.00248288572403262
"10","0.5","0.25","0.25","0.5","0.25","0.25","100","50","0.1","0.7","0.1","0","0",0.975885042740556,0.975474325916706,0.735844679290279,0.939118834297129,0.642673134282301,0.940775279203782,0.00170718300423394,0.00115280527039891,0.00683986709437497,0.0019392251284107,0.0075097198153824,0.00223163426266542
"10","0.5","0.25","0.25","0.5","0.25","0.25","100","50","0.1","0.8","0.1","0","0",0.971697694230274,0.97535267808571,0.762122280898603,0.937845621217014,0.66049367820567,0.94112937561535,0.00157256054533711,0.000924455312293169,0.00633194346703689,0.0027607281597992,0.0062966140055535,0.00246346333964009
"10","0.5","0.25","0.25","0.5","0.25","0.25","100","50","0.1","0.9","0.1","0","0",0.97412059064132,0.974319295060323,0.765990731444964,0.934461977611737,0.680137351647064,0.937776059631932,0.00167487645243109,0.00114906379660808,0.00524689711667065,0.00254782577688391,0.00627295799883064,0.00255473837218025
"10","0.5","0.25","0.25","0.5","0.25","0.25","100","50","0.1","1","0.1","0","0",0.97591687704629,0.974316552160598,0.795943183406514,0.93676452547301,0.692576983246031,0.942578424121427,0.00145646020525153,0.00107201837760842,0.00672321807696593,0.00231239392431627,0.00639885514860451,0.00247053273207653
"11","0.5","0.25","0.25","0.5","0.25","0.25","100","50","0.1","0","0.1","0","0",0.975141815130492,0.975422622841703,0.578244408010935,0.947565170344888,0.564388867154943,0.943955406046912,0.00151097764323018,0.00124760464945005,0.00839274833379676,0.00228950011544136,0.00865011952227414,0.00238470593711322
"11","0.5","0.25","0.25","0.5","0.25","0.25","100","50","0.1","0.1","0.1","0","0",0.975138763698271,0.976564266940581,0.604109398828325,0.94366869993221,0.584802332117352,0.944679585955398,0.00153909063706874,0.00105140631929135,0.00819909358676588,0.00223039937162542,0.00974285373770106,0.00236793411075323
"11","0.5","0.25","0.25","0.5","0.25","0.25","100","50","0.1","0.2","0.1","0","0",0.975538243601333,0.974025833835708,0.649715254972249,0.945772980881138,0.606177429940821,0.945807482573072,0.00162138168885546,0.00124285841830705,0.00731985851105738,0.00230618871255747,0.00817711853321292,0.00206653539342809
"11","0.5","0.25","0.25","0.5","0.25","0.25","100","50","0.1","0.3","0.1","0","0",0.973432322040255,0.975363782945723,0.692998944785214,0.946013978607542,0.626759170340752,0.94615608187824,0.00153938255823746,0.0011625100719104,0.00862412170139453,0.00218344415383103,0.00799421039917759,0.00207649005006918
"11","0.5","0.25","0.25","0.5","0.25","0.25","100","50","0.1","0.4","0.1","0","0",0.973298356979822,0.975630098761867,0.699298381659411,0.944512718248663,0.642311920228534,0.944790348852954,0.0015185519034212,0.00115972491634434,0.00796089079024673,0.00238935514295693,0.00785558591160758,0.00217178810587638
"11","0.5","0.25","0.25","0.5","0.25","0.25","100","50","0.1","0.5","0.1","0","0",0.974029073306386,0.972617340472728,0.733537759168983,0.93914331869659,0.65853270173011,0.942465911122248,0.00139157218764556,0.00124234344303791,0.00722736776987457,0.00234557438901199,0.00865904278328701,0.00220337745226741
"11","0.5","0.25","0.25","0.5","0.25","0.25","100","50","0.1","0.6","0.1","0","0",0.97591370755353,0.973710295787308,0.755826884987238,0.940952087867712,0.681992593984162,0.943757078985856,0.00147519840098734,0.00119345420414708,0.00595836942889512,0.00232853966478709,0.00746703368599357,0.00243858415014393
"11","0.5","0.25","0.25","0.5","0.25","0.25","100","50","0.1","0.7","0.1","0","0",0.972737297811503,0.975367118355354,0.779473678485042,0.945933658159701,0.679986324317231,0.945419758761707,0.00125269460650196,0.00107075551802827,0.0065299202003114,0.00179625816600805,0.00734204147749809,0.00182387225993767
"11","0.5","0.25","0.25","0.5","0.25","0.25","100","50","0.1","0.8","0.1","0","0",0.977003109817995,0.974839826357186,0.807763604413758,0.941936679635945,0.702831416586609,0.943117074491361,0.00135397741956848,0.000995510478197929,0.00612017559093694,0.002251071650397,0.00649037970014986,0.00242295746423118
"11","0.5","0.25","0.25","0.5","0.25","0.25","100","50","0.1","0.9","0.1","0","0",0.975700862484621,0.975086115580185,0.802421365230011,0.941762122195562,0.727754003331067,0.942030297555938,0.0014275592175161,0.00119413345681321,0.00524021909892767,0.00224286951650343,0.0060744135781756,0.00233485065787766
"11","0.5","0.25","0.25","0.5","0.25","0.25","100","50","0.1","1","0.1","0","0",0.971859958278987,0.97475397648401,0.832829901720365,0.945910255237248,0.735033994909001,0.946129885535647,0.00145648371628,0.00107025657017172,0.00637871428158807,0.00207967410398163,0.006163097915616,0.00211912339937377
"12","0.5","0.25","0.25","0.5","0.25","0.25","100","50","0.1","0","0.1","0","0",0.973501345116846,0.973155356580327,0.614529645335468,0.951792204796558,0.59952352113708,0.950570368046691,0.00167239737010902,0.0010571869522237,0.00859564232342643,0.00229460062749326,0.00887414165022098,0.00233761163912035
"12","0.5","0.25","0.25","0.5","0.25","0.25","100","50","0.1","0.1","0.1","0","0",0.97509068205071,0.973806506387071,0.639701217386338,0.946594045536341,0.616393196811165,0.948846071078745,0.00145874494706133,0.00112678123405406,0.00811240942803865,0.00212620597147394,0.00928640698508481,0.00249109983982819
"12","0.5","0.25","0.25","0.5","0.25","0.25","100","50","0.1","0.2","0.1","0","0",0.977833909379789,0.975143275143314,0.693924024543694,0.945823764242776,0.641239489916787,0.946167130655624,0.0013663365877013,0.000977925132283579,0.00745619407046333,0.00226457486277382,0.00826115923853909,0.00215646624171437
"12","0.5","0.25","0.25","0.5","0.25","0.25","100","50","0.1","0.3","0.1","0","0",0.974309831597983,0.9742505146229,0.734581929594033,0.947046298789857,0.661079330430753,0.948597627075226,0.00149827934533976,0.001073691864831,0.00800018384732057,0.0019585618323062,0.00811838387386351,0.00214951848449157
"12","0.5","0.25","0.25","0.5","0.25","0.25","100","50","0.1","0.4","0.1","0","0",0.972503072255211,0.973960623303412,0.736482640014699,0.946735165268476,0.683694483431933,0.948324330061871,0.00164147406394385,0.000988063560570265,0.00763089690102301,0.00242631045430857,0.00761347463314145,0.00208875754440958
"12","0.5","0.25","0.25","0.5","0.25","0.25","100","50","0.1","0.5","0.1","0","0",0.973713627976572,0.975244616803501,0.774189618675742,0.942355583920882,0.702168983211183,0.94468462736995,0.00161647512046516,0.00111625667060974,0.00754851560002058,0.00234774075002034,0.00864034133737179,0.00207345838589965
"12","0.5","0.25","0.25","0.5","0.25","0.25","100","50","0.1","0.6","0.1","0","0",0.973984980459043,0.97552858148821,0.791507288723628,0.943880904102589,0.719575346237844,0.945028829970708,0.0016295039003614,0.00105280615752025,0.00556827172642312,0.0022222837107705,0.00659354059115989,0.00237694052790952
"12","0.5","0.25","0.25","0.5","0.25","0.25","100","50","0.1","0.7","0.1","0","0",0.973583838048258,0.973156637760646,0.812589475166459,0.948741519584926,0.718671426060423,0.950960346339367,0.00158217638326828,0.00104087054871228,0.00595283756719292,0.00199192001946794,0.00674911832203222,0.00204472788978299
"12","0.5","0.25","0.25","0.5","0.25","0.25","100","50","0.1","0.8","0.1","0","0",0.972262086382781,0.975144570464069,0.841083292332561,0.945623119008369,0.740119413059637,0.947143314265898,0.00139838053734963,0.00121749825129582,0.00559919773076679,0.00219888605366749,0.006905240699211,0.00210171286727923
"12","0.5","0.25","0.25","0.5","0.25","0.25","100","50","0.1","0.9","0.1","0","0",0.973456105887054,0.97522528169006,0.834646013745459,0.946627069367647,0.767000167689084,0.94802803449695,0.0015598311732708,0.00104181455761438,0.00471389275003698,0.00218209397828742,0.00593285485230265,0.00208347489279646
"12","0.5","0.25","0.25","0.5","0.25","0.25","100","50","0.1","1","0.1","0","0",0.974706690018656,0.973988632622822,0.861340173757806,0.949582076818144,0.770105803869303,0.949759064726432,0.00144809000035758,0.00111780009756367,0.0056122257295867,0.00221665383926299,0.00602323078109077,0.00179634391794722
"13","0.5","0.25","0.25","0.5","0.25","0.25","100","50","0.1","0","0.1","0","0",0.972857561252548,0.976243003927794,0.651111406168591,0.953055392359424,0.630082587017896,0.95115843205271,0.00158278063472346,0.000974713746925975,0.00840194845352798,0.0018161144354766,0.00837363005017683,0.00203613934661362
"13","0.5","0.25","0.25","0.5","0.25","0.25","100","50","0.1","0.1","0.1","0","0",0.973295292666317,0.974161902614049,0.671069978004818,0.950981535527758,0.6541820542274,0.947272320096534,0.00132141751964094,0.00121766729787382,0.00793863712475138,0.00215819565996381,0.0088465433079857,0.00229055733624228
"13","0.5","0.25","0.25","0.5","0.25","0.25","100","50","0.1","0.2","0.1","0","0",0.978003314079203,0.976845929079199,0.726210280452673,0.94966146702505,0.671681890921283,0.947893611125535,0.00144464542595996,0.0011163276775653,0.00746662480102345,0.00216064805239969,0.00828041221654207,0.00207124008231764
"13","0.5","0.25","0.25","0.5","0.25","0.25","100","50","0.1","0.3","0.1","0","0",0.976493569746146,0.975710730051003,0.765035093245505,0.946329797506461,0.696244889719587,0.947476359953035,0.00143989801204818,0.00121376775370668,0.00734882438892358,0.00238271378144359,0.00849047144177011,0.00208980234307887
"13","0.5","0.25","0.25","0.5","0.25","0.25","100","50","0.1","0.4","0.1","0","0",0.975685357344454,0.974034957724386,0.770618439999966,0.94932848690895,0.715472263412513,0.951540307905983,0.00139161543033184,0.00097447287241202,0.00771361791784121,0.00208995111025135,0.00753245205056646,0.00193124487218552
"13","0.5","0.25","0.25","0.5","0.25","0.25","100","50","0.1","0.5","0.1","0","0",0.974768986160046,0.974992824484345,0.803788632600365,0.947847156493562,0.734382770089671,0.947341573501412,0.00154792413101794,0.00104814019824641,0.00716947812571993,0.00222740418954144,0.00835952960360924,0.00236439144499796
"13","0.5","0.25","0.25","0.5","0.25","0.25","100","50","0.1","0.6","0.1","0","0",0.975594605135184,0.975274756951702,0.818530271204094,0.95028148375928,0.756254278165317,0.948267042359787,0.00143319096460285,0.0010943811838226,0.00466422478979669,0.00202373578893146,0.00649898827982535,0.00225778499478455
"13","0.5","0.25","0.25","0.5","0.25","0.25","100","50","0.1","0.7","0.1","0","0",0.97265371585987,0.975382066650949,0.838470891587895,0.949510610446207,0.752399322217084,0.951679078066172,0.00158382869347762,0.00105034762197924,0.00553218618083186,0.00193841923644482,0.00664200997782595,0.00186842177033398
"13","0.5","0.25","0.25","0.5","0.25","0.25","100","50","0.1","0.8","0.1","0","0",0.974146708404365,0.974083655574105,0.867907867841178,0.948429402321328,0.770799092262876,0.945987187297817,0.00146472352170483,0.00114939617210902,0.0052331740619692,0.00217882073769467,0.00699140521377169,0.00234176975359693
"13","0.5","0.25","0.25","0.5","0.25","0.25","100","50","0.1","0.9","0.1","0","0",0.974497710373206,0.973551050772356,0.856693938138621,0.950952717287411,0.795626887262785,0.94849748812367,0.00164623048429514,0.00117156317519035,0.00496245216333069,0.00194479481964857,0.00572845708113775,0.0020800611928757
"13","0.5","0.25","0.25","0.5","0.25","0.25","100","50","0.1","1","0.1","0","0",0.972799548872127,0.975709227897177,0.880363733157425,0.95081805346296,0.801619599426552,0.950430145911154,0.00164257998178321,0.00101450282074859,0.00506315177151505,0.00190308668645716,0.00593935448474671,0.00210333808800634
"14","0.5","0.25","0.25","0.5","0.25","0.25","100","50","0.1","0","0.1","0","0",0.978076536673309,0.9775353462536,0.684566926906797,0.952483539712192,0.665380421091307,0.952080922687353,0.00125964707678907,0.00108128477202566,0.00834831735005911,0.00195517599189122,0.00855740373834191,0.00231696538985941
"14","0.5","0.25","0.25","0.5","0.25","0.25","100","50","0.1","0.1","0.1","0","0",0.973876988254455,0.975214009994833,0.70484220518475,0.952659358816127,0.682553365127841,0.95346665315967,0.00152944352306237,0.00106753986283904,0.00727333394336864,0.00216268426165487,0.0086085082938071,0.00192901351018711
"14","0.5","0.25","0.25","0.5","0.25","0.25","100","50","0.1","0.2","0.1","0","0",0.975620694052571,0.975193101754892,0.75501053681563,0.95187730026386,0.704668591124046,0.94949708425832,0.00157499957214341,0.00113454460238789,0.00745435558429946,0.00202335529379168,0.00838088369680971,0.00201568995958652
"14","0.5","0.25","0.25","0.5","0.25","0.25","100","50","0.1","0.3","0.1","0","0",0.974409805881939,0.975826274309914,0.798491551024313,0.948711094931885,0.726734878585877,0.949977255462213,0.00147256824932686,0.0011530851184265,0.00664994591915014,0.00209474266486789,0.00827377175918851,0.00218536620448428
"14","0.5","0.25","0.25","0.5","0.25","0.25","100","50","0.1","0.4","0.1","0","0",0.974782364668274,0.975802524347756,0.797837042884673,0.948316198917141,0.74894755883796,0.955330801015028,0.0016384367644249,0.000888830094770377,0.0073593995498451,0.00174193475869314,0.00702998562645859,0.0021927170795958
"14","0.5","0.25","0.25","0.5","0.25","0.25","100","50","0.1","0.5","0.1","0","0",0.976384438598952,0.975045927273485,0.828575186862339,0.949848302521312,0.763581114637973,0.950322394866139,0.00131537914269323,0.00112925848578136,0.00672846265451564,0.00188361761552373,0.00813127851544415,0.00214399218882051
"14","0.5","0.25","0.25","0.5","0.25","0.25","100","50","0.1","0.6","0.1","0","0",0.975717398262587,0.97627708621269,0.840841876357519,0.953009045464019,0.786804216556312,0.94714102191851,0.00151706159742106,0.0010198045610305,0.00482960928742472,0.00214037443138136,0.0058004461909192,0.00183263428195349
"14","0.5","0.25","0.25","0.5","0.25","0.25","100","50","0.1","0.7","0.1","0","0",0.974879983797275,0.975403765027855,0.858405653909878,0.949970202750986,0.784239817873633,0.951273166077382,0.00155484081410887,0.00120185643133168,0.00487203623041816,0.00178478437642259,0.00601319516681078,0.00213213247518932
"14","0.5","0.25","0.25","0.5","0.25","0.25","100","50","0.1","0.8","0.1","0","0",0.975279289317886,0.97466860681723,0.886956030661429,0.951371314272105,0.795841652429263,0.948266802809672,0.00154325326857185,0.000987377937654717,0.0040332317748877,0.00217718199385071,0.00683037818488521,0.00214581833914254
"14","0.5","0.25","0.25","0.5","0.25","0.25","100","50","0.1","0.9","0.1","0","0",0.974657664423001,0.975170424626015,0.873130135532265,0.950923025781226,0.823015119498459,0.949269017984454,0.00148816850408778,0.00105601355737998,0.00432050140817724,0.00217382122048901,0.00516767398328666,0.0020516004634869
"14","0.5","0.25","0.25","0.5","0.25","0.25","100","50","0.1","1","0.1","0","0",0.97052600575939,0.974685811096258,0.895001308158243,0.956327091911881,0.826062817016246,0.949636831680216,0.00175370881601336,0.000872302716497852,0.00478418453677517,0.00205753209620156,0.00539440457414566,0.00224299255146989
"15","0.5","0.25","0.25","0.5","0.25","0.25","100","50","0.1","0","0.1","0","0",0.974171659982939,0.97466803197395,0.709515644761125,0.950624382265174,0.695799821455848,0.954626607879246,0.00155814960267391,0.00103969604288145,0.00826902646930667,0.00239500283735301,0.00835299979446179,0.00215251356130543
"15","0.5","0.25","0.25","0.5","0.25","0.25","100","50","0.1","0.1","0.1","0","0",0.974805282710855,0.973500991228618,0.731359646172194,0.953838317067549,0.714605309250677,0.953123043438573,0.0015260161281017,0.00104738458428543,0.00704800377597098,0.00203628544465509,0.00868083579544334,0.0020346969298056
"15","0.5","0.25","0.25","0.5","0.25","0.25","100","50","0.1","0.2","0.1","0","0",0.973547190589864,0.976136261704557,0.779992776313769,0.952485475431604,0.733302909849626,0.947811457678397,0.00146590739799316,0.000928056040636172,0.00724187989472605,0.00199970085961809,0.00873591261958047,0.00218600093096875
"15","0.5","0.25","0.25","0.5","0.25","0.25","100","50","0.1","0.3","0.1","0","0",0.975977812526775,0.974428832043791,0.822045392065189,0.950767659100972,0.754361312855525,0.948793077218564,0.00156936293732016,0.00123338718258054,0.00617470203162522,0.00194399446542479,0.00779718749820997,0.00219839398050567
"15","0.5","0.25","0.25","0.5","0.25","0.25","100","50","0.1","0.4","0.1","0","0",0.975980317480066,0.975696859135017,0.825119356330909,0.948542177924262,0.7769451908507,0.953139454177713,0.00152807149049093,0.00107309054224528,0.00660113250455663,0.0022448791857121,0.00663348643612886,0.00223864331733276
"15","0.5","0.25","0.25","0.5","0.25","0.25","100","50","0.1","0.5","0.1","0","0",0.975978436029935,0.976248014327303,0.848167197875661,0.951072745616621,0.791476001878707,0.948583036483192,0.00136869786237906,0.00105534314226754,0.00623185565917895,0.0019126648171871,0.00763214620936645,0.0019676144764785
"15","0.5","0.25","0.25","0.5","0.25","0.25","100","50","0.1","0.6","0.1","0","0",0.975644162258326,0.974582187688717,0.860520439563812,0.953332390380414,0.812884754047102,0.948628203571504,0.00142177531361426,0.00106235660532387,0.00455103042390805,0.0020266030323062,0.00573894856853507,0.00182274379239559
"15","0.5","0.25","0.25","0.5","0.25","0.25","100","50","0.1","0.7","0.1","0","0",0.977457692370443,0.974484256729418,0.876504714937217,0.953786022369968,0.806559387865327,0.952566517553734,0.0013247418788676,0.00105061835255235,0.0048196469521362,0.00190457192293198,0.00604963099388893,0.00182800306348468
"15","0.5","0.25","0.25","0.5","0.25","0.25","100","50","0.1","0.8","0.1","0","0",0.977381626480872,0.972951645752644,0.898305103489994,0.951910301960551,0.823081431102271,0.950048328217656,0.00139559089162859,0.00102804839944552,0.0036136378585676,0.00177605814724624,0.00639829244147852,0.00210540279685138
"15","0.5","0.25","0.25","0.5","0.25","0.25","100","50","0.1","0.9","0.1","0","0",0.972773899809433,0.976047021680366,0.888420225674542,0.950689845418388,0.841318877537741,0.95035687771865,0.00159030970289921,0.00095901404390369,0.00420925739331672,0.0019150582907974,0.00520348212219526,0.00223844677389001
"15","0.5","0.25","0.25","0.5","0.25","0.25","100","50","0.1","1","0.1","0","0",0.976456645277533,0.974550394966112,0.903827106427083,0.953704219675824,0.849302401654093,0.950606876379062,0.00149044039127264,0.00104269018772141,0.00426280777665868,0.0019967061860341,0.00518664903957473,0.00228896308126053
"16","0.5","0.25","0.25","0.5","0.25","0.25","100","50","0.1","0","0.1","0","0",0.973648197224388,0.974554109440964,0.734861727843964,0.948721383198745,0.723107740072779,0.951504927645365,0.00153033030028286,0.00107953108428734,0.00799348318855736,0.00220904756741716,0.00822037272166217,0.00204344198149185
"16","0.5","0.25","0.25","0.5","0.25","0.25","100","50","0.1","0.1","0.1","0","0",0.97593123547844,0.974805509301158,0.751211419442536,0.954226306891136,0.743680701249566,0.952369907247089,0.00145245965517819,0.00123438200813733,0.00706939954294896,0.00184045046457335,0.00846011222582863,0.00224155613970111
"16","0.5","0.25","0.25","0.5","0.25","0.25","100","50","0.1","0.2","0.1","0","0",0.975245058207618,0.975008128796405,0.802499974622085,0.952550376964538,0.76205131551798,0.953324958728819,0.00147963814949902,0.0010555576060944,0.00743736270001771,0.00191084745819525,0.00837665400498967,0.00222376125520978
"16","0.5","0.25","0.25","0.5","0.25","0.25","100","50","0.1","0.3","0.1","0","0",0.975774556749471,0.975052483925911,0.840659325072826,0.95361488365041,0.77621723290974,0.950403012840368,0.00149801635363452,0.00103149952439235,0.00547388307135367,0.00195195383415014,0.00743400905754036,0.00196848296164065
"16","0.5","0.25","0.25","0.5","0.25","0.25","100","50","0.1","0.4","0.1","0","0",0.97406356114014,0.974323997574245,0.84476995600701,0.950699292621558,0.795314409905901,0.950398743426743,0.00149495735176272,0.00102221999800125,0.005644446927209,0.00215151426896577,0.00644815880701152,0.00221792276315364
"16","0.5","0.25","0.25","0.5","0.25","0.25","100","50","0.1","0.5","0.1","0","0",0.974231381561653,0.976145513416626,0.8616915939407,0.949469141108632,0.808591942239262,0.950455393783116,0.00160798542411525,0.0011023454294345,0.00582853041124602,0.00221918715367178,0.00745503595468851,0.00220318191193541
"16","0.5","0.25","0.25","0.5","0.25","0.25","100","50","0.1","0.6","0.1","0","0",0.974118485398822,0.976247569056024,0.875914867532736,0.951420634011054,0.828250406245483,0.950438395706317,0.00155014056074813,0.00106772022576167,0.0044274807502397,0.00212850149839272,0.00568475126533576,0.00203083941038016
"16","0.5","0.25","0.25","0.5","0.25","0.25","100","50","0.1","0.7","0.1","0","0",0.972912825206222,0.974474658331809,0.889190420650582,0.953470197969672,0.827731534817342,0.950432725657483,0.00152701205383674,0.000952030312926232,0.00426268504645317,0.00163984753970646,0.00581155343590802,0.00203244498903253
"16","0.5","0.25","0.25","0.5","0.25","0.25","100","50","0.1","0.8","0.1","0","0",0.974095668903873,0.972613931049968,0.906366966094751,0.951523044286138,0.842739170248689,0.949434779643287,0.0015649933563119,0.000956987615270578,0.00326972266667375,0.00203281856277435,0.0063766964486673,0.0019578484460123
"16","0.5","0.25","0.25","0.5","0.25","0.25","100","50","0.1","0.9","0.1","0","0",0.978348455289614,0.973883633882865,0.897767424597486,0.954310759785087,0.855110155498905,0.949627837130747,0.0015278474896886,0.000967361525146765,0.00421645841373237,0.0019846613572119,0.00517331271976032,0.00205796728117114
"16","0.5","0.25","0.25","0.5","0.25","0.25","100","50","0.1","1","0.1","0","0",0.974859364268518,0.975093341011345,0.913415783285372,0.954074367955203,0.860106131864302,0.952351439981896,0.00163567699115676,0.000972752592302289,0.00392711302020163,0.00202296271730566,0.00535189861116124,0.00217692604167113
"17","0.5","0.25","0.25","0.5","0.25","0.25","100","50","0.1","0","0.1","0","0",0.97548196219961,0.975771842573815,0.756194783893719,0.95118947784142,0.746283237320399,0.954386118366993,0.00156343305216474,0.0010580571229231,0.00750181661538341,0.00193010883879633,0.00777964086866861,0.00203540938420606
"17","0.5","0.25","0.25","0.5","0.25","0.25","100","50","0.1","0.1","0.1","0","0",0.973780296724389,0.974928570856094,0.771262593502324,0.956451842393783,0.767800162889564,0.950415920954838,0.00152151610458458,0.000980063990986575,0.00723738726652888,0.0018453157236371,0.00844755678965101,0.0021616129058064
"17","0.5","0.25","0.25","0.5","0.25","0.25","100","50","0.1","0.2","0.1","0","0",0.976759433778714,0.975437475503567,0.817972190192122,0.953578333252986,0.778849720956627,0.953180692687815,0.00158950972806559,0.00110190581951887,0.00685196154592339,0.0019660019317122,0.00818757259909982,0.00212516880107287
"17","0.5","0.25","0.25","0.5","0.25","0.25","100","50","0.1","0.3","0.1","0","0",0.975835854285662,0.976162057025801,0.852603262424157,0.952412945570672,0.795311262140578,0.951190436776401,0.00132371665356477,0.000949303166873968,0.0055534919760623,0.00203926622991979,0.0066334320463559,0.00210433091712972
"17","0.5","0.25","0.25","0.5","0.25","0.25","100","50","0.1","0.4","0.1","0","0",0.975160006312809,0.973677932043221,0.858270928366287,0.953326380191061,0.820251530101315,0.953072876293177,0.00144097957825171,0.00110253819508117,0.00535668084486878,0.00209236350797201,0.0063012486838328,0.00195863302741061
"17","0.5","0.25","0.25","0.5","0.25","0.25","100","50","0.1","0.5","0.1","0","0",0.974248939229706,0.972601341140072,0.874995818025562,0.951738999191575,0.830863536285497,0.953579131919016,0.00177681762439198,0.00103969074977728,0.00529217883445205,0.00181303684728314,0.00668407841173084,0.00209919516850475
"17","0.5","0.25","0.25","0.5","0.25","0.25","100","50","0.1","0.6","0.1","0","0",0.976871044149148,0.975798237351376,0.884401418719705,0.951530348141563,0.843906482666171,0.951217335930636,0.00151625241723052,0.00099072956731183,0.00435524484232457,0.00152177533969417,0.00567606183254663,0.00189803918455956
"17","0.5","0.25","0.25","0.5","0.25","0.25","100","50","0.1","0.7","0.1","0","0",0.973281496315992,0.973262500565597,0.89898894210098,0.953744262630829,0.843321327191718,0.947156026000176,0.00162617157726397,0.0010983385011568,0.00412347220717887,0.00186447802782691,0.00573066949634272,0.00186522035371611
"17","0.5","0.25","0.25","0.5","0.25","0.25","100","50","0.1","0.8","0.1","0","0",0.974945654486315,0.97483535445312,0.911258331731671,0.952437190031282,0.861310840540881,0.950598973869682,0.00150688402787601,0.000974627482174219,0.00374171007176725,0.00193067504102691,0.00590999111740297,0.00201166528116135
"17","0.5","0.25","0.25","0.5","0.25","0.25","100","50","0.1","0.9","0.1","0","0",0.975344204439433,0.97545962740927,0.907686745802618,0.955043132736159,0.869468991112711,0.952989205013357,0.00156737578861585,0.00109612973719072,0.00427323672868676,0.00194565083116704,0.00491809789977711,0.00181315603212428
"17","0.5","0.25","0.25","0.5","0.25","0.25","100","50","0.1","1","0.1","0","0",0.976078787408821,0.975330326190933,0.918467473220953,0.954012271947495,0.875261695964394,0.956896131263827,0.00140969347319025,0.00112157690104867,0.00322682879009381,0.00161746143643152,0.00574554543421965,0.00180824658763133
"18","0.5","0.25","0.25","0.5","0.25","0.25","100","50","0.1","0","0.1","0","0",0.974801573821662,0.973958281666918,0.776171620624403,0.949732166289537,0.76379705056417,0.954484982773381,0.00157296127487193,0.00123374504842486,0.00718580261834918,0.00215510767226653,0.0077225939808564,0.00203323535959554
"18","0.5","0.25","0.25","0.5","0.25","0.25","100","50","0.1","0.1","0.1","0","0",0.977965710848214,0.976983501535822,0.793650984527053,0.953089737921104,0.784565258009886,0.950066412869171,0.00138497538948337,0.00112730054277545,0.00709070292875143,0.00191070704816162,0.00790867128309733,0.00229874912081482
"18","0.5","0.25","0.25","0.5","0.25","0.25","100","50","0.1","0.2","0.1","0","0",0.97577510548208,0.975326057377468,0.83556216397693,0.950686787591088,0.795576612972994,0.953668932485053,0.00159842280517721,0.00094343261510226,0.00724305551217595,0.00201494847214953,0.00767457933685502,0.0021029941020742
"18","0.5","0.25","0.25","0.5","0.25","0.25","100","50","0.1","0.3","0.1","0","0",0.975295852303505,0.973770093939773,0.87053513158654,0.953958831342629,0.813456692395271,0.949781501425478,0.00144150897424401,0.00106562673564854,0.00500529774762186,0.00195584502585452,0.0063377409580909,0.00202837850184263
"18","0.5","0.25","0.25","0.5","0.25","0.25","100","50","0.1","0.4","0.1","0","0",0.976068021464002,0.975665180015345,0.872851978246714,0.955411461427427,0.839316366044253,0.952786704341922,0.00158303392645562,0.00105442652100863,0.00523018301058704,0.00207846227660874,0.00602888267836451,0.00193405726580705
"18","0.5","0.25","0.25","0.5","0.25","0.25","100","50","0.1","0.5","0.1","0","0",0.974075785934744,0.973978508620796,0.886146686335979,0.950959223179994,0.847315661398053,0.956712492410729,0.00153367768013529,0.00111541556070575,0.00473195824148083,0.00208372122780301,0.00623398106471146,0.0020117484076451
"18","0.5","0.25","0.25","0.5","0.25","0.25","100","50","0.1","0.6","0.1","0","0",0.975990263798037,0.975331171922383,0.894014394042798,0.951657384036197,0.855890024413335,0.95292709031381,0.00137070787384978,0.000966968293366627,0.0038547171417121,0.0020872340041657,0.0060050154420045,0.00193829901094112
"18","0.5","0.25","0.25","0.5","0.25","0.25","100","50","0.1","0.7","0.1","0","0",0.974375361771307,0.97690210989364,0.903624794933462,0.955501377619541,0.861001094939117,0.952186000857789,0.00152930919146735,0.000970168155785483,0.00452579535386593,0.00189737656668443,0.00531248210670008,0.00206722497197686
"18","0.5","0.25","0.25","0.5","0.25","0.25","100","50","0.1","0.8","0.1","0","0",0.973977892922434,0.974819231476655,0.913893625671414,0.953188587995176,0.870233191985608,0.952687203251653,0.00150743491063931,0.00111089745044465,0.00438362635900164,0.00198347987895993,0.00593958014965621,0.00181329976501816
"18","0.5","0.25","0.25","0.5","0.25","0.25","100","50","0.1","0.9","0.1","0","0",0.975151187234808,0.972810631532187,0.91377403766088,0.954343889999015,0.878474285592259,0.953326722241171,0.00161881341139387,0.00116966444571784,0.00413511738256066,0.00198890119090115,0.00483357114140195,0.00180258265978106
"18","0.5","0.25","0.25","0.5","0.25","0.25","100","50","0.1","1","0.1","0","0",0.975471812793143,0.974763258569215,0.927184785561805,0.95366443458922,0.88354393486618,0.954842889724537,0.00149139174042371,0.000947802841833422,0.00318092046495613,0.00192002914569153,0.00545966793148363,0.0019319170764862
"19","0.5","0.25","0.25","0.5","0.25","0.25","100","50","0.1","0","0.1","0","0",0.974941949124023,0.973954738807807,0.794016119524533,0.953465101635937,0.779993953097424,0.95267683501083,0.00168927617624057,0.00104425363139938,0.00723269568640531,0.00169168881605974,0.00755125462390892,0.00193672193912138
"19","0.5","0.25","0.25","0.5","0.25","0.25","100","50","0.1","0.1","0.1","0","0",0.975117223177735,0.975020040404075,0.80691833311727,0.952271159280009,0.798839323010526,0.951239640244649,0.00155311153768005,0.00113508650191087,0.00702244281327593,0.00206789968841068,0.00741963103187795,0.00210403168610453
"19","0.5","0.25","0.25","0.5","0.25","0.25","100","50","0.1","0.2","0.1","0","0",0.975288774423609,0.975775738943068,0.847615751569015,0.952771777139972,0.807546823722015,0.953640060470956,0.00168693945829135,0.00102615520585252,0.0067779983147005,0.00209308217528933,0.00741969017387127,0.0021454690261715
"19","0.5","0.25","0.25","0.5","0.25","0.25","100","50","0.1","0.3","0.1","0","0",0.974955449111692,0.9740903304033,0.883834598243109,0.952131942000768,0.831257534835202,0.951484751857951,0.00139122931201331,0.00109167612063474,0.00482811205258938,0.00201604090312226,0.00598419745178304,0.00204467365135942
"19","0.5","0.25","0.25","0.5","0.25","0.25","100","50","0.1","0.4","0.1","0","0",0.974385068321727,0.97381125388073,0.883921553715538,0.953155517786255,0.851036471913643,0.954831981714882,0.00147414620316533,0.00107772654756539,0.00515834897993959,0.00206981150731488,0.00572329847673701,0.00191015891056714
"19","0.5","0.25","0.25","0.5","0.25","0.25","100","50","0.1","0.5","0.1","0","0",0.976226926452304,0.975263362778501,0.894297784699221,0.954110346499313,0.859393554297155,0.9538727336948,0.00161975426034794,0.000994003186546336,0.00422284627783462,0.0020601106044169,0.0057585296985076,0.00193398690819194
"19","0.5","0.25","0.25","0.5","0.25","0.25","100","50","0.1","0.6","0.1","0","0",0.973894964201502,0.97699033891724,0.900614311216871,0.951408655119248,0.859260090385207,0.951074259720088,0.00175788889868629,0.00118240060469159,0.00386815078493303,0.00206173815232663,0.00580146379680055,0.00200754722327217
"19","0.5","0.25","0.25","0.5","0.25","0.25","100","50","0.1","0.7","0.1","0","0",0.975768198197232,0.97649308814265,0.910639655704163,0.952745405659083,0.871537945900938,0.951793738549637,0.00148980717112793,0.00101037957134703,0.00425320476630762,0.00189665000928858,0.00548058021721129,0.00223988386835846
"19","0.5","0.25","0.25","0.5","0.25","0.25","100","50","0.1","0.8","0.1","0","0",0.974170059682507,0.974790859120337,0.917528345752497,0.954202669553358,0.882803196283086,0.954196570945151,0.00170739396424449,0.000974785341681065,0.00440315909863535,0.0019294224565762,0.00507731300325289,0.00184489407491461
"19","0.5","0.25","0.25","0.5","0.25","0.25","100","50","0.1","0.9","0.1","0","0",0.974311738333129,0.975543637878738,0.91916640098168,0.95592616332797,0.886920763850432,0.95528410161861,0.00158854345598259,0.00100299508577349,0.00383304462804108,0.0018796793363953,0.00420863481919707,0.00191015978664936
"19","0.5","0.25","0.25","0.5","0.25","0.25","100","50","0.1","1","0.1","0","0",0.974917122246371,0.975521974560928,0.928344217647339,0.951910923762317,0.892967560019012,0.955316633887033,0.00148516337188944,0.00112584827439892,0.00310104028168087,0.00203699290995367,0.00557669017989679,0.00202606786948866
"2","0.5","0.25","0.25","0.5","0.25","0.25","100","50","0.1","0","0.1","0","0",0.580317747928182,0.974963148577466,0.157927642162246,0.614839413449031,0.160164014344231,0.611197391288614,0.00344162131021247,0.00127764140403162,0.00361438229767237,0.00303687391328555,0.00360973850976796,0.00334671865919937
"2","0.5","0.25","0.25","0.5","0.25","0.25","100","50","0.1","0.1","0.1","0","0",0.589166316514799,0.975334591081372,0.161298561999002,0.610300431636547,0.1545636572531,0.610143157083971,0.0026753390740045,0.00109561699567213,0.00396062431177746,0.00320488999961255,0.00353327434870463,0.00360189365527049
"2","0.5","0.25","0.25","0.5","0.25","0.25","100","50","0.1","0.2","0.1","0","0",0.590916893743435,0.974303196569299,0.157464436349134,0.602582169756057,0.158419020494644,0.606365174558018,0.00264717666038197,0.00105981699829644,0.00428932285664993,0.00301701571542163,0.00377133373364792,0.00321567339943627
"2","0.5","0.25","0.25","0.5","0.25","0.25","100","50","0.1","0.3","0.1","0","0",0.591073672701549,0.97677955278032,0.170217521475124,0.609829668627532,0.155105770688429,0.614853369906667,0.00298285091897759,0.00107740055793736,0.00401658673234453,0.00332159488443715,0.00411826305276877,0.00311853036084652
"2","0.5","0.25","0.25","0.5","0.25","0.25","100","50","0.1","0.4","0.1","0","0",0.601179751057287,0.97580529592919,0.173933030682138,0.607241987081501,0.157451022757451,0.616009837648219,0.00330045404794127,0.000998164993881442,0.0041208958369406,0.00391644738377514,0.00387713414920343,0.00335683473126654
"2","0.5","0.25","0.25","0.5","0.25","0.25","100","50","0.1","0.5","0.1","0","0",0.600060678725456,0.972240371887821,0.178768982884564,0.599649807745208,0.162157171520598,0.612012875638096,0.00287036444176428,0.00120461978209596,0.00379042833225413,0.00363474692920885,0.00383997000149895,0.00319396590325389
"2","0.5","0.25","0.25","0.5","0.25","0.25","100","50","0.1","0.6","0.1","0","0",0.604736977228623,0.974399530442211,0.172024182716158,0.601350600403146,0.169154551558134,0.61483107668166,0.00289756387584598,0.00102750806393276,0.00400965038739522,0.00320464047313984,0.00400462396373932,0.0033348014683558
"2","0.5","0.25","0.25","0.5","0.25","0.25","100","50","0.1","0.7","0.1","0","0",0.608180571400096,0.974767285324083,0.178026351492066,0.59679242994146,0.168481064265178,0.599658475296416,0.00322786196665644,0.00115234588150673,0.00370738458248578,0.00326212239387128,0.0036203030080842,0.00361451001531404
"2","0.5","0.25","0.25","0.5","0.25","0.25","100","50","0.1","0.8","0.1","0","0",0.615794398221404,0.975770117165381,0.189333424983352,0.594759492126218,0.163430580826993,0.609608656275295,0.00299729624315393,0.00102584502021853,0.00386514509341006,0.00318044684817154,0.00331518877930435,0.00351382256143564
"2","0.5","0.25","0.25","0.5","0.25","0.25","100","50","0.1","0.9","0.1","0","0",0.619702055744319,0.97104079794614,0.194104484479875,0.600626188421588,0.169560182598278,0.608230368798791,0.00314841422739106,0.00110436803514624,0.00402286344941503,0.0036905590743328,0.0037325796405818,0.00344493211468797
"2","0.5","0.25","0.25","0.5","0.25","0.25","100","50","0.1","1","0.1","0","0",0.624681440931221,0.975366826101039,0.195152966563339,0.591077089244724,0.174156374753712,0.605772056173657,0.00311640954545315,0.00111232770151086,0.00354865163393549,0.00308020686017622,0.00415345093948319,0.00321154094564521
"20","0.5","0.25","0.25","0.5","0.25","0.25","100","50","0.1","0","0.1","0","0",0.973206724880949,0.973788933945838,0.809010472337029,0.95290445242287,0.797383469559608,0.953830606864306,0.0016552002908948,0.00115662224710553,0.00695338548889187,0.00192458893028996,0.00676466017839036,0.00188283799637296
"20","0.5","0.25","0.25","0.5","0.25","0.25","100","50","0.1","0.1","0.1","0","0",0.975432578314897,0.974468441044269,0.824467125369577,0.950822669666215,0.814235608251185,0.955830481282187,0.00135953401101906,0.00115156052752982,0.00640601213170922,0.00193560058707256,0.00700006490366078,0.00188333402275437
"20","0.5","0.25","0.25","0.5","0.25","0.25","100","50","0.1","0.2","0.1","0","0",0.973609006436098,0.974830020776676,0.861157643063559,0.948959641059034,0.820863205172629,0.952193932989771,0.00154793648039257,0.000957831434378687,0.00655413806042578,0.00204970130017807,0.00707939571317801,0.00208241752068939
"20","0.5","0.25","0.25","0.5","0.25","0.25","100","50","0.1","0.3","0.1","0","0",0.974239972798998,0.975318625977002,0.887558394871031,0.95253863860454,0.840663540194518,0.95124862228819,0.00159241366859746,0.00109058340231239,0.00466323215414163,0.00186782060968438,0.00576954659160628,0.0017675940896915
"20","0.5","0.25","0.25","0.5","0.25","0.25","100","50","0.1","0.4","0.1","0","0",0.976005568370821,0.974709125132853,0.890915198498666,0.95649919034486,0.85957263175365,0.952782739369716,0.00134160531686594,0.00107215914552149,0.00518255374432516,0.00176061463490694,0.00574640205780479,0.00186202039983755
"20","0.5","0.25","0.25","0.5","0.25","0.25","100","50","0.1","0.5","0.1","0","0",0.977529386054663,0.97534007724401,0.90145946068757,0.951382069627936,0.867890018208478,0.949915777543601,0.00136075743378786,0.00093841162280942,0.00410134719352751,0.00179816708621227,0.00528398409632373,0.00188255982496974
"20","0.5","0.25","0.25","0.5","0.25","0.25","100","50","0.1","0.6","0.1","0","0",0.97249830613852,0.974962744056747,0.903200060243696,0.952265687913073,0.870479301190569,0.951617397397865,0.00154445545153074,0.00101462542585262,0.00399931865103508,0.00216256132615725,0.00552341333984783,0.00225141950251401
"20","0.5","0.25","0.25","0.5","0.25","0.25","100","50","0.1","0.7","0.1","0","0",0.975002890910501,0.97708730289766,0.913604220485744,0.954598039388191,0.880952632969525,0.949925068257423,0.00154615512311231,0.0010686350199177,0.00407869779298937,0.00169722394338294,0.00488447992534081,0.00207866425766182
"20","0.5","0.25","0.25","0.5","0.25","0.25","100","50","0.1","0.8","0.1","0","0",0.974079570559141,0.975412159933537,0.920312532588238,0.953343572967261,0.894525608446615,0.952359495342537,0.00160133206450974,0.00108619375326176,0.00386621903266048,0.00191825976032073,0.00442802667437767,0.00210567798194794
"20","0.5","0.25","0.25","0.5","0.25","0.25","100","50","0.1","0.9","0.1","0","0",0.976748128612926,0.972567345702701,0.923929045492429,0.955950838579105,0.892935316331439,0.95199954675202,0.00147850640518592,0.00105223954472067,0.00384918213941495,0.00159428104245482,0.00372839829834953,0.00199828067301176
"20","0.5","0.25","0.25","0.5","0.25","0.25","100","50","0.1","1","0.1","0","0",0.971838975608984,0.974845972644848,0.931171060097635,0.957097604869579,0.901533779262304,0.952136762111371,0.00160938496414755,0.00109803727657122,0.00286555142303777,0.00192786375526386,0.00502219048478668,0.00207655958894357
"21","0.5","0.25","0.25","0.5","0.25","0.25","100","50","0.1","0","0.1","0","0",0.975085538236252,0.974165947376486,0.820713781963476,0.954030327272478,0.813097787045563,0.951277765003825,0.00148266497441297,0.00105408202616896,0.006217963347985,0.00187896322959777,0.00650215182209172,0.0019927395858067
"21","0.5","0.25","0.25","0.5","0.25","0.25","100","50","0.1","0.1","0.1","0","0",0.976575250893879,0.974885087416033,0.840596887906477,0.951071405179037,0.824064363805682,0.954819539555347,0.00169267399889504,0.000930714922289466,0.00579829421320715,0.00202129698318017,0.00680038154537568,0.00197340814460188
"21","0.5","0.25","0.25","0.5","0.25","0.25","100","50","0.1","0.2","0.1","0","0",0.972812750257729,0.974939182252923,0.864304919758825,0.951273044989515,0.838688194199479,0.951115299700534,0.0015480865406157,0.00100168978745723,0.00630622292147752,0.00204598894364716,0.00588331141557897,0.00196619006877603
"21","0.5","0.25","0.25","0.5","0.25","0.25","100","50","0.1","0.3","0.1","0","0",0.975078431915054,0.975561116298218,0.891639143195834,0.95113626933559,0.852845765827193,0.951367210907385,0.0016469256104837,0.00117253295124531,0.00483805912757372,0.00176715621639938,0.00602176331631825,0.00192137790159244
"21","0.5","0.25","0.25","0.5","0.25","0.25","100","50","0.1","0.4","0.1","0","0",0.975145132091489,0.975403835184799,0.897634560556071,0.953537901631353,0.870727038583357,0.955383154844841,0.00140079026665616,0.00109101424012029,0.00473869707281995,0.00188018884258941,0.00590482737255323,0.0018584948493596
"21","0.5","0.25","0.25","0.5","0.25","0.25","100","50","0.1","0.5","0.1","0","0",0.975257216361574,0.9745039890495,0.904181079411781,0.95148515455198,0.873907567703787,0.949150182852698,0.00155793393696951,0.000920371331827779,0.00451325744298161,0.00196492967602332,0.00494605795470735,0.0019350447366633
"21","0.5","0.25","0.25","0.5","0.25","0.25","100","50","0.1","0.6","0.1","0","0",0.97579134119384,0.974524158362252,0.909327507965891,0.952104141071908,0.878003309701735,0.951722004363706,0.00158071287292044,0.00104263123396401,0.00380927905849569,0.00186085309061525,0.00512788818956406,0.00223752324381421
"21","0.5","0.25","0.25","0.5","0.25","0.25","100","50","0.1","0.7","0.1","0","0",0.975248478412054,0.974147337881489,0.920337265074676,0.956798797369158,0.883842781479254,0.950942036687719,0.00142132028599284,0.00130356841756048,0.00359489392052796,0.00179321675170731,0.00470898356011659,0.00187157151984184
"21","0.5","0.25","0.25","0.5","0.25","0.25","100","50","0.1","0.8","0.1","0","0",0.97314029562918,0.97631555038889,0.927399342303431,0.953169728805963,0.898508209149476,0.954548717356694,0.0015039734334337,0.000925171963754415,0.00362936581805852,0.00191576869997058,0.00444233928174903,0.00209166639153926
"21","0.5","0.25","0.25","0.5","0.25","0.25","100","50","0.1","0.9","0.1","0","0",0.975613490954024,0.976028685863346,0.925732170653804,0.957484411352898,0.898814276450508,0.952738025006738,0.00138621827453389,0.00110975764316826,0.00348044064578337,0.00183172603611607,0.0038485248062823,0.00203559626032444
"21","0.5","0.25","0.25","0.5","0.25","0.25","100","50","0.1","1","0.1","0","0",0.976280945331637,0.975518355106878,0.929956784381541,0.958819544421131,0.902486161376048,0.953294395000522,0.00153325266189594,0.00113914531544186,0.00287344726500487,0.0020533807479399,0.00495414614540027,0.00217305409222707
"22","0.5","0.25","0.25","0.5","0.25","0.25","100","50","0.1","0","0.1","0","0",0.975607222275633,0.97464159619692,0.826664341549821,0.953186907576896,0.826881967514988,0.952545346164861,0.00147666224577121,0.00119625056729337,0.00645865955543479,0.00171312521302876,0.00618662279223751,0.0020483149753227
"22","0.5","0.25","0.25","0.5","0.25","0.25","100","50","0.1","0.1","0.1","0","0",0.975208747557692,0.973307032007341,0.851873610322386,0.95138362162368,0.836182472487465,0.955021663997535,0.00137104871864519,0.00111835858801977,0.00540822708903174,0.00210778816789815,0.00639353779092482,0.00200173367623765
"22","0.5","0.25","0.25","0.5","0.25","0.25","100","50","0.1","0.2","0.1","0","0",0.977752752104177,0.975804705869562,0.867960397883558,0.952122293438079,0.849996658052933,0.952657055595789,0.00145732684247593,0.000994649663698195,0.00593844602415312,0.00210594966891299,0.00604935113887553,0.00201236405334767
"22","0.5","0.25","0.25","0.5","0.25","0.25","100","50","0.1","0.3","0.1","0","0",0.976275650941993,0.974666904703429,0.896732580588168,0.954808010414891,0.863560857295031,0.954752520326781,0.00159677272312367,0.00106012737401703,0.00505298674496716,0.0017749662861282,0.00509321816040127,0.00189985729212785
"22","0.5","0.25","0.25","0.5","0.25","0.25","100","50","0.1","0.4","0.1","0","0",0.975466713963358,0.975689157966784,0.901167757646514,0.950543629618879,0.876184419644901,0.955361597600904,0.00156254608369932,0.00115957251118312,0.00423472741636762,0.00214763707715809,0.00586488563997532,0.00174647986352977
"22","0.5","0.25","0.25","0.5","0.25","0.25","100","50","0.1","0.5","0.1","0","0",0.975784884255599,0.976389410961509,0.907606108494994,0.950846097483965,0.875278154752649,0.94843344382383,0.00131621736767908,0.00112671442763482,0.00421848191023053,0.0018073764919952,0.0052138743455007,0.00195555890798096
"22","0.5","0.25","0.25","0.5","0.25","0.25","100","50","0.1","0.6","0.1","0","0",0.976294775906701,0.974474651941302,0.912484985804305,0.95195867880964,0.879834415083975,0.953857788980866,0.00154798030848321,0.00106791198539878,0.00362938060684841,0.00202525211511436,0.00520196049737876,0.00185719795140643
"22","0.5","0.25","0.25","0.5","0.25","0.25","100","50","0.1","0.7","0.1","0","0",0.975662773199092,0.975564612906865,0.926349482637267,0.957359220695875,0.891426993905866,0.95097619586069,0.00154473436737845,0.000960607125843433,0.00285886052116265,0.00188737643870964,0.00438287641393153,0.00185638937096918
"22","0.5","0.25","0.25","0.5","0.25","0.25","100","50","0.1","0.8","0.1","0","0",0.975271535041884,0.974019691137204,0.926229394572751,0.955209216380473,0.906300633954629,0.955063656779511,0.00165382273430869,0.00110492975876458,0.00325613333685288,0.00218484407839719,0.00444171626635863,0.00225609414414934
"22","0.5","0.25","0.25","0.5","0.25","0.25","100","50","0.1","0.9","0.1","0","0",0.975826368844248,0.973357870306995,0.92191389392816,0.957640465597126,0.905419760051811,0.953731953077164,0.00134369887591671,0.0011100215508441,0.00353846942372184,0.0020091697174427,0.0043306724746062,0.00160989410553673
"22","0.5","0.25","0.25","0.5","0.25","0.25","100","50","0.1","1","0.1","0","0",0.973811787358767,0.974778654459419,0.932617119571334,0.957042730039343,0.905384804647991,0.955339800056426,0.00165565486304538,0.00101350580131721,0.00261374694763964,0.00189771965394694,0.00433016791610863,0.00202871364528338
"23","0.5","0.25","0.25","0.5","0.25","0.25","100","50","0.1","0","0.1","0","0",0.97293660483011,0.976079066003356,0.83424785674013,0.950419690102994,0.838744565875918,0.953524338749278,0.00140030905160785,0.00106806608420716,0.00618059517570099,0.00222679587862434,0.00632352419340249,0.00208388299017867
"23","0.5","0.25","0.25","0.5","0.25","0.25","100","50","0.1","0.1","0.1","0","0",0.97322893994026,0.976284746004314,0.861212424218701,0.952902680882773,0.844857745278397,0.954863755595516,0.00137255982311287,0.000934093161880748,0.00555330773058034,0.00212469501760695,0.00628346848440454,0.00192917476487425
"23","0.5","0.25","0.25","0.5","0.25","0.25","100","50","0.1","0.2","0.1","0","0",0.970818169887664,0.973806886859902,0.875057117003244,0.954703967912139,0.857729549986525,0.950615809149661,0.00170374255177194,0.00107636709486764,0.00587336809170267,0.00193052886808759,0.00613110480510293,0.0019259525729313
"23","0.5","0.25","0.25","0.5","0.25","0.25","100","50","0.1","0.3","0.1","0","0",0.972536395312056,0.975924291395739,0.899734117251247,0.952932206420517,0.870774472752315,0.949987976139362,0.00155108219102975,0.000851597444815085,0.00492528674479323,0.00209775343209705,0.00490880512816126,0.00222834949776621
"23","0.5","0.25","0.25","0.5","0.25","0.25","100","50","0.1","0.4","0.1","0","0",0.974223946051635,0.973232651684866,0.903502109462635,0.952998492805298,0.880006761642853,0.953785604496247,0.00162377528149067,0.00117529157402726,0.00421536546919165,0.00196320799569852,0.00613742422942029,0.0017873685415154
"23","0.5","0.25","0.25","0.5","0.25","0.25","100","50","0.1","0.5","0.1","0","0",0.977518638717515,0.973234987053218,0.908937763042039,0.951431170741362,0.880361098790506,0.949101790613996,0.00152161917743036,0.000994177475488037,0.00411956336358964,0.00183080062810215,0.00564065363891246,0.00188989788128009
"23","0.5","0.25","0.25","0.5","0.25","0.25","100","50","0.1","0.6","0.1","0","0",0.975889956485345,0.975321132004485,0.914355762503407,0.955655871999156,0.888782490580831,0.951394267423082,0.00168524189968131,0.000929178367289188,0.0040273296360935,0.00190330141153564,0.0047232961851025,0.00209820625585583
"23","0.5","0.25","0.25","0.5","0.25","0.25","100","50","0.1","0.7","0.1","0","0",0.972403943978431,0.976093851839371,0.928966785100752,0.955267998557901,0.896483401109388,0.95389578611748,0.00169417881317055,0.00114730281129689,0.00296102992943189,0.00186642541488121,0.00443841824286468,0.00201033822112154
"23","0.5","0.25","0.25","0.5","0.25","0.25","100","50","0.1","0.8","0.1","0","0",0.972517862016128,0.976567281042104,0.929361263088229,0.954072233267983,0.907302901800208,0.953442270982723,0.00167305191625856,0.00105863402238141,0.00320876927955029,0.00186583742162339,0.00430987921661122,0.0022215606507198
"23","0.5","0.25","0.25","0.5","0.25","0.25","100","50","0.1","0.9","0.1","0","0",0.974754020885699,0.975614710245486,0.920881740037259,0.954989523683402,0.911176521063779,0.953015589526601,0.00147467307091089,0.00112009353681288,0.00318197859647404,0.00207355996823588,0.00415503489725627,0.00202317898132524
"23","0.5","0.25","0.25","0.5","0.25","0.25","100","50","0.1","1","0.1","0","0",0.976455905723598,0.973564124746474,0.933901420178728,0.957489543936257,0.908581316956964,0.953388650528496,0.00165248613618358,0.000963098487632945,0.00304061116603284,0.00198751388634162,0.00423310997942817,0.00204125080771401
"24","0.5","0.25","0.25","0.5","0.25","0.25","100","50","0.1","0","0.1","0","0",0.973836069031578,0.974175602905047,0.837661548279905,0.950984202324653,0.8453299209888,0.953722695544963,0.00149442006668791,0.00121339001804646,0.00611053607914898,0.00205961074784224,0.00617647500855887,0.00197872796550131
"24","0.5","0.25","0.25","0.5","0.25","0.25","100","50","0.1","0.1","0.1","0","0",0.976760393230119,0.973957255003323,0.86607334404485,0.954748258325101,0.850393464698109,0.954448846266778,0.00124153882898265,0.00115573018635148,0.00525877368033227,0.0017034460178407,0.00596934311587198,0.00203707383956049
"24","0.5","0.25","0.25","0.5","0.25","0.25","100","50","0.1","0.2","0.1","0","0",0.976476081921249,0.974783305685253,0.881077173049456,0.956298797774742,0.863983686728706,0.950809672682186,0.00135598530992549,0.00101442595683127,0.00563795141386741,0.00188540122793341,0.00564676327004396,0.0019365661347909
"24","0.5","0.25","0.25","0.5","0.25","0.25","100","50","0.1","0.3","0.1","0","0",0.974353257538944,0.975855315676057,0.901764422735801,0.951326949852338,0.880993948705585,0.949813213443623,0.00175820718514968,0.00103432560802722,0.00473957607491505,0.00206576151693987,0.00470014418091009,0.0021752146208268
"24","0.5","0.25","0.25","0.5","0.25","0.25","100","50","0.1","0.4","0.1","0","0",0.977868580460384,0.974567264398663,0.90997055060678,0.953532705728087,0.881695173647068,0.954422420519884,0.00142735416270172,0.00110257214145623,0.00399073845878414,0.00190623294233095,0.00578860169450664,0.00210878670832196
"24","0.5","0.25","0.25","0.5","0.25","0.25","100","50","0.1","0.5","0.1","0","0",0.974095011406168,0.976918093037071,0.912180661836543,0.953774107318656,0.888800113320368,0.94886243034878,0.00166754990114121,0.00121251088160169,0.00418038573472197,0.00161592695149885,0.00507471118725176,0.00230166410700164
"24","0.5","0.25","0.25","0.5","0.25","0.25","100","50","0.1","0.6","0.1","0","0",0.978080143415386,0.973813003283094,0.919873269218677,0.953616745204125,0.89536308465268,0.951819540819011,0.00135065716578761,0.0010267362055176,0.00405809035973656,0.0018918301782096,0.00437386903909362,0.00208974400322121
"24","0.5","0.25","0.25","0.5","0.25","0.25","100","50","0.1","0.7","0.1","0","0",0.973042828511845,0.973830914934195,0.926754976968172,0.954914977217115,0.899681649105218,0.951205118017297,0.00164596099528097,0.00108725806345884,0.00344361007075218,0.0018578211898097,0.00445691261409065,0.00206860473509728
"24","0.5","0.25","0.25","0.5","0.25","0.25","100","50","0.1","0.8","0.1","0","0",0.977995649011414,0.974582852252117,0.932431987112441,0.951579558681848,0.912152037346862,0.955855931617949,0.00134513399117865,0.00106428025436453,0.00314197126858795,0.00187290549413756,0.00369447408233214,0.00189056526338841
"24","0.5","0.25","0.25","0.5","0.25","0.25","100","50","0.1","0.9","0.1","0","0",0.976225419572325,0.974838156585431,0.919890360951178,0.954334426953605,0.914519869445094,0.952429574117077,0.00152464295229484,0.00101618586672754,0.00313541789649925,0.00207753620111721,0.00383792376901604,0.0018749094684998
"24","0.5","0.25","0.25","0.5","0.25","0.25","100","50","0.1","1","0.1","0","0",0.974284180783578,0.97833300255908,0.934046276358078,0.956323436425146,0.911518639934222,0.952818539652175,0.00157583734890557,0.000992488607326146,0.00314685377474804,0.00182475335873026,0.00400151663822495,0.00198246780451384
"25","0.5","0.25","0.25","0.5","0.25","0.25","100","50","0.1","0","0.1","0","0",0.974863331207712,0.975317082524154,0.843381984778849,0.952075398281886,0.852672734173803,0.951930235230813,0.00127457934830714,0.00101344898948698,0.00594784689410009,0.00189707469188977,0.00578287239012961,0.00200517780761163
"25","0.5","0.25","0.25","0.5","0.25","0.25","100","50","0.1","0.1","0.1","0","0",0.974300368929688,0.97478368849871,0.873219685348714,0.953756627281384,0.857346393021186,0.95344075741445,0.00144729363466492,0.000971141848462531,0.00534721685803413,0.0019861634048446,0.0055829981709261,0.00174580570077705
"25","0.5","0.25","0.25","0.5","0.25","0.25","100","50","0.1","0.2","0.1","0","0",0.973954351529462,0.97562915258549,0.893499237518953,0.956169111636348,0.869683714274922,0.949738826927496,0.00139916926127327,0.00104623531410578,0.00564336633675868,0.00195413010879245,0.00585490562134956,0.00206598298348198
"25","0.5","0.25","0.25","0.5","0.25","0.25","100","50","0.1","0.3","0.1","0","0",0.97566286515765,0.97481746374871,0.905036126798482,0.95268742018939,0.88376235639587,0.952512369754802,0.00143716148931623,0.00117856081836249,0.00460286326178647,0.00175683556492396,0.00496924496552743,0.00194709320615194
"25","0.5","0.25","0.25","0.5","0.25","0.25","100","50","0.1","0.4","0.1","0","0",0.974724652791511,0.97496521589088,0.915605739371332,0.952399681085381,0.882853450369786,0.952608514805843,0.00162092571120438,0.00119831756031401,0.00429376488641483,0.00213328928968661,0.00565267410180038,0.00195142893288064
"25","0.5","0.25","0.25","0.5","0.25","0.25","100","50","0.1","0.5","0.1","0","0",0.972425510514051,0.974688775061831,0.911037273374903,0.95514420081446,0.891447664507383,0.952387562888801,0.00171042261935579,0.0011670001189118,0.0038238357649774,0.00192011955844347,0.00470846153404841,0.00240123604182673
"25","0.5","0.25","0.25","0.5","0.25","0.25","100","50","0.1","0.6","0.1","0","0",0.974976137234792,0.974547047296488,0.921387530576727,0.953525206580944,0.90201444842856,0.953089420678188,0.0016730298179072,0.00102783491711117,0.00395011062779676,0.00175168783264278,0.00410397439853161,0.00225870181074182
"25","0.5","0.25","0.25","0.5","0.25","0.25","100","50","0.1","0.7","0.1","0","0",0.975004035093042,0.976321378576223,0.924290946247212,0.956420534019523,0.9066696484679,0.951199332206495,0.00151397129180128,0.00111003512134178,0.00388759577375254,0.00163436063506864,0.00457928142946433,0.00196183013466722
"25","0.5","0.25","0.25","0.5","0.25","0.25","100","50","0.1","0.8","0.1","0","0",0.974736992451481,0.976452509795672,0.936504292085121,0.950269534234933,0.9144200963478,0.95519523598873,0.00147537295816658,0.00111707094519564,0.00330260644498747,0.00209128005877619,0.00348197167349501,0.00173617716018254
"25","0.5","0.25","0.25","0.5","0.25","0.25","100","50","0.1","0.9","0.1","0","0",0.974753007892908,0.976064720923606,0.92538683418689,0.95208196621157,0.92090092298042,0.95254758207955,0.00165823798861066,0.00110708085688724,0.00324430953690475,0.00180591270828214,0.00341793044117893,0.00194556665573971
"25","0.5","0.25","0.25","0.5","0.25","0.25","100","50","0.1","1","0.1","0","0",0.976186037067538,0.974638068698667,0.9303770836677,0.95312706508014,0.911896640933936,0.951535431077653,0.00140493317947229,0.00114447490603525,0.00347987702833951,0.00185095757152426,0.00412967426963276,0.0023389281320155
"3","0.5","0.25","0.25","0.5","0.25","0.25","100","50","0.1","0","0.1","0","0",0.934119607372832,0.975528602655744,0.20653265125437,0.719315702527465,0.202802961344387,0.718119086230347,0.00208158569966669,0.00101356040157883,0.00495068501006102,0.00386272809120659,0.00465032687441104,0.0038626876585429
"3","0.5","0.25","0.25","0.5","0.25","0.25","100","50","0.1","0.1","0.1","0","0",0.938539019524264,0.972911253762978,0.210724062372413,0.709978360703999,0.208461796834554,0.713423912550338,0.00209308651821088,0.00101825454712692,0.00492351328984889,0.00412500226680938,0.00434585973219112,0.0042460267935628
"3","0.5","0.25","0.25","0.5","0.25","0.25","100","50","0.1","0.2","0.1","0","0",0.943778221715453,0.976369112026675,0.211210610183356,0.707439614736113,0.208123875075373,0.709157618325911,0.00183866763911167,0.000994850396466191,0.00560425145487304,0.00347231883622943,0.00447901583877664,0.00375007533955213
"3","0.5","0.25","0.25","0.5","0.25","0.25","100","50","0.1","0.3","0.1","0","0",0.940369475349437,0.974472952051682,0.234384428023605,0.709519136723432,0.213747493385018,0.71701305952503,0.00202460368281218,0.00109798611785703,0.00499776863327947,0.00377248240303649,0.00469901918478396,0.00361391620486791
"3","0.5","0.25","0.25","0.5","0.25","0.25","100","50","0.1","0.4","0.1","0","0",0.945344121221716,0.977258376116296,0.233081989761801,0.705574879270432,0.217306655779087,0.717477017701301,0.0020032832090424,0.000922529006560698,0.0049190198016522,0.0045775084522825,0.00475520394854159,0.00351980641413593
"3","0.5","0.25","0.25","0.5","0.25","0.25","100","50","0.1","0.5","0.1","0","0",0.947807394188063,0.975880972426049,0.247472554692908,0.696735460772003,0.220916697066353,0.712825148002948,0.00179859848013745,0.00110264304369691,0.00464783396664051,0.00387941625135434,0.00492409103388072,0.00376592889361884
"3","0.5","0.25","0.25","0.5","0.25","0.25","100","50","0.1","0.6","0.1","0","0",0.950439341227313,0.973642508203333,0.245802542474311,0.694161905846292,0.227106480819986,0.713463238138834,0.00177825813083997,0.000996694122749836,0.00531571703642236,0.00364629030677787,0.0054179105338182,0.00401381990068655
"3","0.5","0.25","0.25","0.5","0.25","0.25","100","50","0.1","0.7","0.1","0","0",0.950065622206142,0.974872275637894,0.255415962907693,0.690023296044242,0.225865387024239,0.698479945430737,0.00196680872515108,0.00110060609679495,0.00438684506474357,0.00365593099430386,0.00531674797759794,0.00410521756748893
"3","0.5","0.25","0.25","0.5","0.25","0.25","100","50","0.1","0.8","0.1","0","0",0.953467271087127,0.974263458571123,0.27332283355975,0.685751171443301,0.225987501663144,0.710850749301781,0.00194375933261117,0.00107213721182234,0.00448177969794669,0.00372743655244769,0.0042989998910304,0.00397023236036697
"3","0.5","0.25","0.25","0.5","0.25","0.25","100","50","0.1","0.9","0.1","0","0",0.959108073864318,0.97494184468987,0.270662911622945,0.690666708811669,0.236539208231722,0.703876274529541,0.00196459206795544,0.00119168326390118,0.00489034991481504,0.00433045415818274,0.00519408111214165,0.00391155082606248
"3","0.5","0.25","0.25","0.5","0.25","0.25","100","50","0.1","1","0.1","0","0",0.958675996755427,0.974757510317081,0.279204656227826,0.678626739643955,0.244021693769932,0.699943828368447,0.00167274283268483,0.00106680376266668,0.00398297486156789,0.00357199116850125,0.00462969643029451,0.00378435455053642
"4","0.5","0.25","0.25","0.5","0.25","0.25","100","50","0.1","0","0.1","0","0",0.974170343085478,0.975401446483448,0.256434901154685,0.800520667747906,0.245664968864387,0.802413218129124,0.00141295794795158,0.00109807948999636,0.00633014426180386,0.00367774260397239,0.00571261119094325,0.00380209544671128
"4","0.5","0.25","0.25","0.5","0.25","0.25","100","50","0.1","0.1","0.1","0","0",0.973965985647221,0.975647581815917,0.261267405602394,0.791391792260151,0.25873001533425,0.794227758495947,0.00146096098096384,0.00100035494041617,0.00593344032393712,0.00406873975391784,0.00533942360070913,0.003861694463822
"4","0.5","0.25","0.25","0.5","0.25","0.25","100","50","0.1","0.2","0.1","0","0",0.971462656039768,0.975958511645146,0.274923339311065,0.788721117237938,0.259825238359152,0.796243748784953,0.0018697261648622,0.000997357440781845,0.00613093359705445,0.00381679243874611,0.00535727972251656,0.00401557000710708
"4","0.5","0.25","0.25","0.5","0.25","0.25","100","50","0.1","0.3","0.1","0","0",0.976818608277847,0.976151651927433,0.293220031595926,0.789916655818095,0.265820380882862,0.799352980263894,0.00129842757444138,0.000918909474330298,0.00637340280121606,0.0035872583421155,0.00549314855266308,0.00368211672006163
"4","0.5","0.25","0.25","0.5","0.25","0.25","100","50","0.1","0.4","0.1","0","0",0.975873943989579,0.974360278544706,0.299083549037198,0.783841844677826,0.273197307823197,0.801927158578688,0.00155599544492209,0.00114897757255738,0.00563748563574309,0.00416479011569538,0.00581624632262394,0.00393928536687608
"4","0.5","0.25","0.25","0.5","0.25","0.25","100","50","0.1","0.5","0.1","0","0",0.977480986253528,0.973575427708578,0.315576414600643,0.780171550660252,0.279762971096182,0.788659069163806,0.00160588105653681,0.00116616880527147,0.00528858271901128,0.00440879382731539,0.00593626263797506,0.00390102860909323
"4","0.5","0.25","0.25","0.5","0.25","0.25","100","50","0.1","0.6","0.1","0","0",0.97463849389966,0.974298093333494,0.322779522228165,0.772439892616012,0.29248762746699,0.792290710782956,0.00169683604027251,0.00113979181718594,0.0051760507592027,0.00398803404633195,0.00591864768577459,0.00390450129685631
"4","0.5","0.25","0.25","0.5","0.25","0.25","100","50","0.1","0.7","0.1","0","0",0.976197750035535,0.976977577555085,0.338514876733625,0.770157073764816,0.292021498806041,0.779129423741425,0.00150038578299957,0.000950294282337286,0.00515781566030952,0.0037659340117006,0.00645066898388023,0.00402985624537975
"4","0.5","0.25","0.25","0.5","0.25","0.25","100","50","0.1","0.8","0.1","0","0",0.976882738824666,0.975781195548877,0.350500945193396,0.760751712778483,0.296122396692308,0.787787058716961,0.00154672689027288,0.000984306995946823,0.00512207907942387,0.00396236950982766,0.00514409598144715,0.00395779165819084
"4","0.5","0.25","0.25","0.5","0.25","0.25","100","50","0.1","0.9","0.1","0","0",0.97513166732594,0.976245394765217,0.351325906429227,0.767635744063775,0.303734709247392,0.779761031097931,0.00144380412011157,0.0011028314207529,0.00532100399216398,0.0042940152290319,0.00602319854701739,0.00397098162055603
"4","0.5","0.25","0.25","0.5","0.25","0.25","100","50","0.1","1","0.1","0","0",0.973146425613333,0.975391030882636,0.364924166369466,0.753851568440329,0.319768456966217,0.781165347907994,0.00141539583639196,0.00111390125910868,0.00469343245598521,0.00404025732960722,0.00554430600548794,0.00381420388180836
"5","0.5","0.25","0.25","0.5","0.25","0.25","100","50","0.1","0","0.1","0","0",0.974331185864283,0.97474145251528,0.307523407038962,0.85981156704998,0.294117935590747,0.858612774202769,0.00156482484354373,0.00108764081540935,0.00699290973886977,0.00334518824762475,0.00623499000828009,0.00332811793518252
"5","0.5","0.25","0.25","0.5","0.25","0.25","100","50","0.1","0.1","0.1","0","0",0.975375335227865,0.97403603456161,0.313776667780852,0.84983293185626,0.311835799177474,0.854658748852106,0.00168586196335703,0.000984336505264186,0.00657787105319429,0.00371596167765884,0.00639924942624676,0.00358647908444989
"5","0.5","0.25","0.25","0.5","0.25","0.25","100","50","0.1","0.2","0.1","0","0",0.974236492431562,0.975060322335158,0.331656549181295,0.846870433193661,0.310055923311531,0.854680235578402,0.00157842315212893,0.00112870913906262,0.00653156089877068,0.00369359691139851,0.00679380024824458,0.00364173187401256
"5","0.5","0.25","0.25","0.5","0.25","0.25","100","50","0.1","0.3","0.1","0","0",0.975523610240377,0.973217690685312,0.356904435792655,0.847094409452669,0.319943807973203,0.8559662108184,0.00164295965722763,0.00120036889356708,0.00727042322497947,0.00339175593660865,0.00623410571316913,0.00385840716202127
"5","0.5","0.25","0.25","0.5","0.25","0.25","100","50","0.1","0.4","0.1","0","0",0.974125481053744,0.974865633973162,0.367334651459185,0.840676139450677,0.331985612809535,0.85673594347735,0.00146797571059564,0.00102188575060879,0.00656907105432222,0.00367552200710169,0.00611160174119503,0.00336415168288727
"5","0.5","0.25","0.25","0.5","0.25","0.25","100","50","0.1","0.5","0.1","0","0",0.975510712329905,0.975887273215587,0.386032009656786,0.83573823421308,0.344188481542095,0.84290631550796,0.00154313618728723,0.00105755917079358,0.00631684657458763,0.00413797391688809,0.00668396408554692,0.00357749258011411
"5","0.5","0.25","0.25","0.5","0.25","0.25","100","50","0.1","0.6","0.1","0","0",0.975829852981012,0.975105885314085,0.403899276458569,0.828568148729286,0.354246986684154,0.844936315967191,0.00140355234480947,0.00100017161534475,0.00556704769128308,0.00391175234281868,0.00645449446710693,0.00376668587183309
"5","0.5","0.25","0.25","0.5","0.25","0.25","100","50","0.1","0.7","0.1","0","0",0.974623337786762,0.975814905373138,0.415813058161899,0.829424699026272,0.355294505895723,0.83732237337738,0.00149655353396197,0.00106517029563098,0.00580705313266375,0.00380061034729256,0.00687043193481502,0.00338618314599532
"5","0.5","0.25","0.25","0.5","0.25","0.25","100","50","0.1","0.8","0.1","0","0",0.976405224899349,0.974352527619074,0.430189682875868,0.818525683264957,0.363647185118202,0.842693999166179,0.00159046509879598,0.00106961466837243,0.00603619579465383,0.00383996676199038,0.00562212429067103,0.00381604995786189
"5","0.5","0.25","0.25","0.5","0.25","0.25","100","50","0.1","0.9","0.1","0","0",0.974060382975222,0.974712301930161,0.4338893503644,0.823147960635779,0.372393806428353,0.83843358450052,0.00148799113854289,0.00117890815471856,0.0056065842196396,0.00422950291546516,0.00662906277173471,0.00358232741908272
"5","0.5","0.25","0.25","0.5","0.25","0.25","100","50","0.1","1","0.1","0","0",0.977592748990311,0.972819471820063,0.454445040646129,0.817284680298218,0.387174786922395,0.83942977529826,0.00170405567403355,0.00108530772572929,0.00526899409037837,0.00385828408276399,0.00611869325362412,0.003266612271
"6","0.5","0.25","0.25","0.5","0.25","0.25","100","50","0.1","0","0.1","0","0",0.974824317118919,0.975596212525758,0.351000582077274,0.896484876274593,0.338845550819926,0.890424302966322,0.00158629047897482,0.00109599351685617,0.00696108710010888,0.00312777076496986,0.00689532851328283,0.00288069105144903
"6","0.5","0.25","0.25","0.5","0.25","0.25","100","50","0.1","0.1","0.1","0","0",0.972573828397135,0.972117452395021,0.369508065723403,0.885981130987691,0.359010882290793,0.892015573659561,0.0015128042755202,0.00117536027147995,0.00734598091921894,0.00300628249021756,0.00689889793431525,0.00328751341061704
"6","0.5","0.25","0.25","0.5","0.25","0.25","100","50","0.1","0.2","0.1","0","0",0.972663127505792,0.975242699308653,0.390211094078984,0.886526776736121,0.368131685579886,0.891776151416822,0.00176602460164196,0.00113400827281425,0.00693601552255596,0.00316973477458372,0.0076370797126327,0.00330861336438867
"6","0.5","0.25","0.25","0.5","0.25","0.25","100","50","0.1","0.3","0.1","0","0",0.978341323479427,0.973449579239469,0.423070485612194,0.881069934210082,0.376974750970322,0.890528295577756,0.00138792759890753,0.00109939401192732,0.00811364482215944,0.00323960345908039,0.00675839317243305,0.0034177280244667
"6","0.5","0.25","0.25","0.5","0.25","0.25","100","50","0.1","0.4","0.1","0","0",0.979938287813607,0.974352699234762,0.429917337062063,0.882943363087003,0.390601591475571,0.893655661649264,0.00134148328571959,0.00101805518392967,0.00712776107154946,0.00346801567519465,0.00642445287676065,0.00305819788149181
"6","0.5","0.25","0.25","0.5","0.25","0.25","100","50","0.1","0.5","0.1","0","0",0.975411185665095,0.973694116251963,0.453614931214064,0.87653988124581,0.408809300072244,0.88314636001538,0.00159545511749082,0.00106468609504468,0.00645485569262039,0.00379059344301392,0.00710661943788029,0.003119522926965
"6","0.5","0.25","0.25","0.5","0.25","0.25","100","50","0.1","0.6","0.1","0","0",0.976612170594936,0.974302977242252,0.479267291012545,0.86867294209035,0.409451950167539,0.881319895745541,0.00134097902804748,0.00107663545474174,0.00603025837634628,0.00339466296409419,0.00630996157103918,0.0035743867789742
"6","0.5","0.25","0.25","0.5","0.25","0.25","100","50","0.1","0.7","0.1","0","0",0.97605771895609,0.975362079757429,0.48593800570265,0.868355557983241,0.42205567243003,0.876694217515208,0.00157883334297468,0.00105004237403207,0.00608932517835627,0.00350474618709944,0.00687110216702826,0.00343621842827088
"6","0.5","0.25","0.25","0.5","0.25","0.25","100","50","0.1","0.8","0.1","0","0",0.975827983355969,0.974287543212915,0.511665363711143,0.864714450096325,0.424942662005123,0.880246153628635,0.00155767546400255,0.00103457492855893,0.00632320210351139,0.00350158591940917,0.00603660815702214,0.00330317837690912
"6","0.5","0.25","0.25","0.5","0.25","0.25","100","50","0.1","0.9","0.1","0","0",0.973039414148743,0.975460630372665,0.51451926897698,0.866554782149232,0.440688290929914,0.876925215053585,0.00164368219526942,0.00106809795232617,0.00573736077971116,0.00370910410804326,0.00635090389687172,0.00347069892358009
"6","0.5","0.25","0.25","0.5","0.25","0.25","100","50","0.1","1","0.1","0","0",0.975169823510366,0.975021298319126,0.530328333184607,0.86276735333149,0.456155981073464,0.875364046853394,0.00142598795665739,0.00103629064658118,0.00577469729887458,0.00350542630809736,0.00648259991379203,0.00336561323117504
"7","0.5","0.25","0.25","0.5","0.25","0.25","100","50","0.1","0","0.1","0","0",0.976712887660715,0.973908304587292,0.395554467930073,0.918322804588822,0.385083646363759,0.912817326707278,0.00144301613793747,0.000998254254543348,0.00723309138935433,0.00290546382966457,0.00774713192321171,0.00258609576908826
"7","0.5","0.25","0.25","0.5","0.25","0.25","100","50","0.1","0.1","0.1","0","0",0.975225038654803,0.974979256859094,0.424261548217007,0.909245221599801,0.407263608272785,0.91386896276026,0.00154444949467509,0.000960530383963703,0.00752984348896749,0.00278246990646407,0.00741178960377822,0.00263742033650451
"7","0.5","0.25","0.25","0.5","0.25","0.25","100","50","0.1","0.2","0.1","0","0",0.974883348747745,0.974244291361986,0.450125324712245,0.907708025876183,0.42250991098841,0.916800592739982,0.00164509384964486,0.00104372404383844,0.00745930657189315,0.00274728297327118,0.00767013871959898,0.00278443636953861
"7","0.5","0.25","0.25","0.5","0.25","0.25","100","50","0.1","0.3","0.1","0","0",0.975449910048289,0.976885326772755,0.482236779100116,0.903299271169668,0.430215406935825,0.912076675786157,0.00140165861297057,0.00106909058479595,0.00860731243241249,0.00332316792369367,0.00757969022204659,0.00295706135059219
"7","0.5","0.25","0.25","0.5","0.25","0.25","100","50","0.1","0.4","0.1","0","0",0.975064936045426,0.975326809592684,0.49365551688426,0.906177218490964,0.443766546342628,0.91343358916924,0.00150878591863112,0.00104570294367049,0.00801499583627859,0.00323628130859222,0.00728261484645672,0.002712168741607
"7","0.5","0.25","0.25","0.5","0.25","0.25","100","50","0.1","0.5","0.1","0","0",0.975926955014087,0.974249882069154,0.520805911867502,0.899413148305608,0.468805649711529,0.906127661869492,0.00138891232953178,0.001053996987616,0.00629973390945072,0.00316756181448193,0.00780854370735807,0.00273840350270327
"7","0.5","0.25","0.25","0.5","0.25","0.25","100","50","0.1","0.6","0.1","0","0",0.975075420433498,0.975829511864584,0.544603770473463,0.899868354009558,0.465119853884418,0.907549767249883,0.0015314658803232,0.00103828762605616,0.00665032684993749,0.00295494792860835,0.00727778815593823,0.00340428353638411
"7","0.5","0.25","0.25","0.5","0.25","0.25","100","50","0.1","0.7","0.1","0","0",0.97647416377696,0.976176920508094,0.555199185782329,0.900394103652151,0.482856894614806,0.9048203141115,0.00146310283978526,0.00109418604311119,0.00628279359433334,0.00313840595097145,0.00728682286236262,0.00321335845500104
"7","0.5","0.25","0.25","0.5","0.25","0.25","100","50","0.1","0.8","0.1","0","0",0.973217874530893,0.97487695473763,0.588605619504384,0.890437974990817,0.49115036372842,0.904565038078126,0.00165756395061557,0.00117426016278057,0.00706811278637204,0.00316342514008978,0.00641753261715259,0.00312538551564621
"7","0.5","0.25","0.25","0.5","0.25","0.25","100","50","0.1","0.9","0.1","0","0",0.978226453063191,0.976446242012107,0.592269401764797,0.895141277602374,0.508765858629398,0.902241937889151,0.001478743445531,0.00105287436220256,0.0060857674234037,0.0032017079136766,0.00639495799273882,0.00294762129867525
"7","0.5","0.25","0.25","0.5","0.25","0.25","100","50","0.1","1","0.1","0","0",0.974724644486952,0.975397136213394,0.611467167215204,0.893404346042746,0.52005380722987,0.903413154126515,0.00128675232957896,0.00125277527961475,0.00648327377267058,0.00305346593409453,0.00675309908091848,0.00304842708623751
"8","0.5","0.25","0.25","0.5","0.25","0.25","100","50","0.1","0","0.1","0","0",0.974211979539489,0.974706761245214,0.444181036061215,0.932642114007424,0.429668007545248,0.92798515168502,0.00156164578089987,0.00120854576870914,0.00776826530627154,0.00248687809837876,0.00785765018269234,0.0023764757941803
"8","0.5","0.25","0.25","0.5","0.25","0.25","100","50","0.1","0.1","0.1","0","0",0.973518307886211,0.974265535015394,0.474333389870599,0.926412940599982,0.453976101684366,0.92947666290098,0.00146833125365286,0.00111277110443387,0.0080180557466878,0.00292943145355334,0.00852937898960849,0.00282224204560969
"8","0.5","0.25","0.25","0.5","0.25","0.25","100","50","0.1","0.2","0.1","0","0",0.973535515040072,0.975965569265307,0.508658466652627,0.921512568258448,0.473775933647449,0.929326353006303,0.0014628867937506,0.00109672470987005,0.00781708637354564,0.0024732464958931,0.00824325976338121,0.00287439164303349
"8","0.5","0.25","0.25","0.5","0.25","0.25","100","50","0.1","0.3","0.1","0","0",0.977288567116463,0.975578213482951,0.545433161882022,0.920711806193881,0.481229629969312,0.925748989786364,0.00149159370999313,0.00103886076442622,0.00891313446186473,0.00312961746712516,0.007211772924419,0.00282442844816161
"8","0.5","0.25","0.25","0.5","0.25","0.25","100","50","0.1","0.4","0.1","0","0",0.974242932093963,0.976406989574055,0.55149822079429,0.922316220047426,0.500496144638822,0.928814243118334,0.00147716236282853,0.00113318130080947,0.00827289573714485,0.00302617002027816,0.00755836773561299,0.00257924105467094
"8","0.5","0.25","0.25","0.5","0.25","0.25","100","50","0.1","0.5","0.1","0","0",0.975294333441553,0.975560117419033,0.579940117585856,0.917013496550212,0.521106177722553,0.920664202041431,0.00154694129050804,0.0010685392071047,0.0063932655400741,0.00280141729792323,0.008335366728801,0.00256303400368459
"8","0.5","0.25","0.25","0.5","0.25","0.25","100","50","0.1","0.6","0.1","0","0",0.973440845063915,0.9746049792523,0.611317883280736,0.917043804865048,0.529530387985873,0.922734167142354,0.00151743487351455,0.00101060085092944,0.00717435646743347,0.00267827731084381,0.0073713648881153,0.00317645569116334
"8","0.5","0.25","0.25","0.5","0.25","0.25","100","50","0.1","0.7","0.1","0","0",0.972568982624982,0.976022419741909,0.624013849938135,0.919275414594115,0.539455877209698,0.920152184994624,0.00156372992062058,0.00095741983486591,0.00694667143479666,0.00249539346753085,0.0070269255877703,0.00320251419643347
"8","0.5","0.25","0.25","0.5","0.25","0.25","100","50","0.1","0.8","0.1","0","0",0.976430957850114,0.975897729327996,0.655747875770891,0.913329374595351,0.552227346215668,0.922990810402354,0.00159906133307012,0.00104718541914635,0.00696772288658954,0.00304585545606075,0.00667438529759547,0.00254058035290623
"8","0.5","0.25","0.25","0.5","0.25","0.25","100","50","0.1","0.9","0.1","0","0",0.975693864251618,0.973301064430137,0.656743583730049,0.914985956329035,0.570761409528446,0.918108913277539,0.00150865516076911,0.00116366791548979,0.00608788898809277,0.00269303471697087,0.00649729764575668,0.00259151216178563
"8","0.5","0.25","0.25","0.5","0.25","0.25","100","50","0.1","1","0.1","0","0",0.976634065821689,0.973452507289015,0.68552431217912,0.912432337983833,0.582528720667305,0.923123897363536,0.00157694015429495,0.00104368991975716,0.0063745737660971,0.00310844808636109,0.00642312056407266,0.00278089998661455
"9","0.5","0.25","0.25","0.5","0.25","0.25","100","50","0.1","0","0.1","0","0",0.97740878720812,0.974255533360707,0.491142601753825,0.94129182045664,0.474406303486019,0.937886787443445,0.00129806271927409,0.000938863560717754,0.00787741582529013,0.00211667164429159,0.00847343854244802,0.00211087584613984
"9","0.5","0.25","0.25","0.5","0.25","0.25","100","50","0.1","0.1","0.1","0","0",0.974889331089397,0.97437183280521,0.522857847701965,0.935308427476159,0.501887395006302,0.937756083907923,0.00161255579526926,0.001113343348643,0.00859776004319103,0.00231370456528335,0.00889657477027606,0.00260053125763672
"9","0.5","0.25","0.25","0.5","0.25","0.25","100","50","0.1","0.2","0.1","0","0",0.97509685648218,0.974121664882731,0.558224482527736,0.934187415859229,0.52372232469913,0.936399283496525,0.00154193809297268,0.00105191839570278,0.00765782058250471,0.00225558818424322,0.00834985528109849,0.00271022456212942
"9","0.5","0.25","0.25","0.5","0.25","0.25","100","50","0.1","0.3","0.1","0","0",0.973963592037225,0.975106402570939,0.599533049461692,0.932779545081756,0.530976031731826,0.932843962317738,0.00160422739607793,0.00107105951037899,0.00943314167081561,0.00255729788758569,0.00803243632442123,0.00264028025858551
"9","0.5","0.25","0.25","0.5","0.25","0.25","100","50","0.1","0.4","0.1","0","0",0.973254456737861,0.975600756032966,0.60851480414274,0.931529740760307,0.555305694376788,0.938728376899415,0.00160115514425176,0.000965067169016489,0.00860197539220988,0.00273391746822329,0.00777424643925892,0.0023100898339969
"9","0.5","0.25","0.25","0.5","0.25","0.25","100","50","0.1","0.5","0.1","0","0",0.976041104966726,0.974970664013803,0.639415161758694,0.926282014986351,0.572823175617795,0.930619500760694,0.00148271990447355,0.00103772460419939,0.00670562203436031,0.00278185242054567,0.00902536664987827,0.00226919913355074
"9","0.5","0.25","0.25","0.5","0.25","0.25","100","50","0.1","0.6","0.1","0","0",0.975777172927058,0.97436549407756,0.664743746919782,0.929378052160367,0.586456573274734,0.932192685279623,0.00133019406773528,0.00103172569810459,0.00651908662765538,0.00232295899310947,0.00760465505961712,0.00280881010178807
"9","0.5","0.25","0.25","0.5","0.25","0.25","100","50","0.1","0.7","0.1","0","0",0.976539982975788,0.974064060456684,0.686312867553091,0.930983802373434,0.594711150309486,0.930331288598838,0.00137026233173639,0.00110847636783262,0.00697393355664089,0.00248585441821047,0.00758838591956265,0.00267337488307276
"9","0.5","0.25","0.25","0.5","0.25","0.25","100","50","0.1","0.8","0.1","0","0",0.973514311252113,0.974202188887376,0.714801059538401,0.926035407907902,0.609521157397542,0.932694628725869,0.00166802951777603,0.000934062472717371,0.00713004933278614,0.00281391077160244,0.00642937785870457,0.00231016382139414
"9","0.5","0.25","0.25","0.5","0.25","0.25","100","50","0.1","0.9","0.1","0","0",0.975346229982544,0.974659268061729,0.716051915114645,0.928003068801364,0.632531716560645,0.928438999279,0.00150219629204224,0.00111978253719027,0.00504232500660524,0.00251349568511558,0.00655274126003323,0.00265068891596098
"9","0.5","0.25","0.25","0.5","0.25","0.25","100","50","0.1","1","0.1","0","0",0.976395463256448,0.975495980194364,0.744646860411896,0.92607775561006,0.644393836789121,0.933242010895938,0.0014977625547918,0.000983530841159698,0.00679476337095688,0.00275805388735082,0.00638723795162588,0.00262874845913307
